{
  "words": [
    "alist",
    "alloc",
    "arity",
    "assq",
    "assv",
    "astro",
    "bytecodes",
    "bytevector",
    "chibi",
    "clippy",
    "codecov",
    "cond",
    "embeddable",
    "indoc",
    "insta",
    "lcov",
    "letrec",
    "memq",
    "memv",
    "quasiquote",
    "raviqqe",
    "repr",
    "ribbit",
    "rustc",
    "rustfmt",
    "rustup",
    "stak",
    "uninterned",
    "unresolve"
  ],
  "patterns": [
    {
      "name": "cxr",
      "pattern": "/c[ad]+r/"
    }
  ],
  "ignoreRegExpList": ["cxr"]
}
